Workbook
Name ALICORPC1: cartera!$B$3:$B$1935
Name BAP: cartera!$C$3:$C$1935
Name BBVAC1: cartera!$D$3:$D$1935
Name BVN: cartera!$E$3:$E$1935
Name Columna1: cartera!$A$3:$A$1882
Name COV: cartera!$S$12:$AG$26
Name CPACASC1: cartera!$F$3:$F$1935
Name FECHAS: cartera!$A$3:$A$1935
Name FERREYC1: cartera!$G$3:$G$1935
Name GRAMONC1: cartera!$H$3:$H$1935
Name IFS: cartera!$I$3:$I$1935
Name INRETC1: cartera!$J$3:$J$1935
Name LUSURC1: cartera!$K$3:$K$1935
Name MINSURI1: cartera!$L$3:$L$1935
Name NEXAPEC1: cartera!$M$3:$M$1935
Name RELAPAC1: cartera!$N$3:$N$1935
Name UNACEMC1: cartera!$O$3:$O$1935
Name VOLCABC1: cartera!$P$3:$P$1935

Sheet cartera
B1: RETORNO EN PRIMERAS DIFERENCIAS | S1: RETORNOS PROMEDIOS
A2: FECHAS | B2: ALICORPC1 | C2: BAP | D2: BBVAC1 | E2: BVN | F2: CPACASC1 | G2: FERREYC1 | H2: GRAMONC1 | I2: IFS | J2: INRETC1 | K2: LUSURC1 | L2: MINSURI1 | M2: NEXAPEC1 | N2: RELAPAC1 | O2: UNACEMC1 | P2: VOLCABC1 | S2: ALICORPC1 | T2: BAP | U2: BBVAC1 | V2: BVN | W2: CPACASC1 | X2: FERREYC1 | Y2: GRAMONC1 | Z2: IFS | AA2: INRETC1 | AB2: LUSURC1 | AC2: MINSURI1 | AD2: NEXAPEC1 | AE2: RELAPAC1 | AF2: UNACEMC1 | AG2: VOLCABC1 | AJ2: PORTAFOLIO | BH2: FECHA 10 JUNIO - 11 JUNIO
S3: =AVERAGE(INDIRECT(S2)) -> 0.0036221129 | T3: =AVERAGE(INDIRECT(T2)) -> 0.006696237 | U3: =AVERAGE(INDIRECT(U2)) -> 0.0017842922 | V3: =AVERAGE(INDIRECT(V2)) -> 0.0034742506 | W3: =AVERAGE(INDIRECT(W2)) -> 0.0027539905 | X3: =AVERAGE(INDIRECT(X2)) -> 0.0018866385 | Y3: =AVERAGE(INDIRECT(Y2)) -> 0.0061991071 | Z3: =AVERAGE(INDIRECT(Z2)) -> 0.011442783 | ... AG3: =AVERAGE(INDIRECT(AG2)) -> 0.0015256598 | AJ3: ALICORPC1 | AK3: BAP | AL3: BBVAC1 | AM3: BVN | AN3: CPACASC1 | AO3: FERREYC1 | AP3: GRAMONC1 | AQ3: IFS | AR3: INRETC1 | AS3: LUSURC1 | AT3: MINSURI1 | AU3: NEXAPEC1 | AV3: RELAPAC1 | AW3: UNACEMC1 | AX3: VOLCABC1 | BB3: RIESGO | BC3: RETORNO | BH3: PORTAFOLIO ÓPTIMO <-> RATIO SHARP | BL3: PESOS
A4: 41192 | AI4: PORT 1 | AJ4: 0 | AK4: 0 | AL4: 0 | AM4: 0.1355774 | AN4: 0 | AO4: 0 | AP4: 0.22578415 | AQ4: 0 | AR4: 0.47565157 | AS4: 0 | AT4: 0.16298689 | AU4: 0 | AV4: 0 | AW4: 0 | AX4: 0 | AZ4: =SUM(AJ4:AX4) -> 1 | BB4: {=SQRT(MMULT(MMULT(AJ4:AX4,COV),TRANSPOSE(AJ4:AX4)))} -> 0.015904009 | BC4: {=MMULT($S$3:$AG$3,TRANSPOSE(AJ4:AX4))} -> 0.0053052011 | BD4: Punto portafolio tangente | BH4: Retorno/riesgos | BI4: 0.053516165 | BL4: ALICORPC1 | BM4: BAP | BN4: BBVAC1 | BO4: BVN | BP4: CPACASC1 | BQ4: FERREYC1 | BR4: GRAMONC1 | BS4: IFS | BT4: INRETC1 | BU4: LUSURC1 | BV4: MINSURI1 | BW4: NEXAPEC1 | BX4: RELAPAC1 | BY4: UNACEMC1 | BZ4: VOLCABC1
A5: 41193 | S5: RIESGO (DESVIACIÓN ESTÁNDAR) | AI5: PORT 2 | AJ5: 0 | AK5: 0 | AL5: 0 | AM5: 0.1355774 | AN5: 0 | AO5: 0 | AP5: 0.38877165 | AQ5: 0 | AR5: 0.47565157 | AS5: 0 | AT5: 0 | AU5: 0 | AV5: 0 | AW5: 0 | AX5: 0 | AZ5: =SUM(AJ5:AX5) -> 1.0000006 | BB5: {=SQRT(MMULT(MMULT(AJ5:AX5,COV),TRANSPOSE(AJ5:AX5)))} -> 0.018019442 | BC5: {=MMULT($S$3:$AG$3,TRANSPOSE(AJ5:AX5))} -> 0.0055590384 | BD5: Punto portafolio máx retorno | BH5: RETORNO | BI5: 0.00060527758 | BL5: 0.0051909994 | BM5: 0.087253329 | BN5: 0 | BO5: 0 | BP5: 0 | BQ5: 0 | BR5: 0 | BS5: 0 | BT5: 0.37270664 | BU5: 0.53484904 | BV5: 0 | BW5: 0 | BX5: 0 | BY5: 0 | BZ5: 0
A6: 41194 | S6: ALICORPC1 | T6: BAP | U6: BBVAC1 | V6: BVN | W6: CPACASC1 | X6: FERREYC1 | Y6: GRAMONC1 | Z6: IFS | AA6: INRETC1 | AB6: LUSURC1 | AC6: MINSURI1 | AD6: NEXAPEC1 | AE6: RELAPAC1 | AF6: UNACEMC1 | AG6: VOLCABC1 | AI6: PORT 3 | AJ6: 0 | AK6: 0 | AL6: 0 | AM6: 0.11188207 | AN6: 0 | AO6: 0 | AP6: 0.2317046 | AQ6: 0.16765068 | AR6: 0.081100406 | AS6: 0 | AT6: 0 | AU6: 0.25725776 | AV6: 0 | AW6: 0.1504045 | AX6: 0 | AZ6: =SUM(AJ6:AX6) -> 1 | BB6: {=SQRT(MMULT(MMULT(AJ6:AX6,COV),TRANSPOSE(AJ6:AX6)))} -> 0.019680698 | BC6: {=MMULT($S$3:$AG$3,TRANSPOSE(AJ6:AX6))} -> 0.0085648694 | BD6: Punto portafolio min riesgo | BH6: RIESGO | BI6: 0.011310182 | BL6: =+BL5*500000 -> 2595.4997 | BM6: =+BM5*500000 -> 43626.664 | BN6: =+BN5*500000 -> 0 | BO6: =+BO5*500000 -> 0 | BP6: =+BP5*500000 -> 0 | BQ6: =+BQ5*500000 -> 0 | BR6: =+BR5*500000 -> 0 | BS6: =+BS5*500000 -> 0 | ... BZ6: =+BZ5*500000 -> 0
A7: 41197 | S7: =_xlfn.STDEV.S(INDIRECT(S6)) -> 0.021308393 | T7: =_xlfn.STDEV.S(INDIRECT(T6)) -> 0.030028756 | U7: =_xlfn.STDEV.S(INDIRECT(U6)) -> 0.017232371 | V7: =_xlfn.STDEV.S(INDIRECT(V6)) -> 0.048863256 | W7: =_xlfn.STDEV.S(INDIRECT(W6)) -> 0.01922665 | X7: =_xlfn.STDEV.S(INDIRECT(X6)) -> 0.026446515 | Y7: =_xlfn.STDEV.S(INDIRECT(Y6)) -> 0.026225808 | Z7: =_xlfn.STDEV.S(INDIRECT(Z6)) -> 0.032346317 | ... AG7: =_xlfn.STDEV.S(INDIRECT(AG6)) -> 0.033016847 | AI7: PORT 4 | AJ7: 0.00013575243 | AK7: 0.0025869492 | AL7: 0.002847192 | AM7: 0.0041861477 | AN7: 0.0054938203 | AO7: 0.0018722959 | AP7: 0.0037777932 | AQ7: 0.0047434783 | AR7: 0.0072186994 | AS7: 0.94995826 | AT7: 0.0050301789 | AU7: 0.0013066283 | AV7: 0.0053167364 | AW7: 0.0030846286 | AX7: 0.0024414431 | AZ7: =SUM(AJ7:AX7) -> 1 | BH7: PORTAFOLIO MÁXIMA RENTABILIDAD
A8: 41198 | AI8: PORT 5 | AJ8: 0.00018117258 | AK8: 0.0031944593 | AL8: 0.0007193233 | AM8: 0.0034375172 | AN8: 0.00026458117 | AO8: 0.0020917939 | AP8: 0.0046497363 | AQ8: 0.0050006963 | AR8: 0.031852768 | AS8: 0.93298402 | AT8: 0.0034471991 | AU8: 0.0024615883 | AV8: 0.0040363063 | AW8: 0.005014903 | AX8: 0.00066393012 | AZ8: =SUM(AJ8:AX8) -> 1 | BB8: RATIO DE SHARPE | BC8: =+(BC6-BD12)/BB6 -> 0.40470463 | BH8: RETORNO | BI8: 0.00082066658 | BL8: 4.5801405e-05 | BM8: 0 | BN8: 0 | BO8: 0 | BP8: 0 | BQ8: 0 | BR8: 0 | BS8: 0 | BT8: 0.00063308414 | BU8: 0.99868803 | BV8: 0 | BW8: 0 | BX8: 0 | BY8: 0.00063308414 | BZ8: 0
A9: 41199 | AI9: PORT 6 | AJ9: 0.00023049328 | AK9: 4.7383724e-05 | AL9: 0.003476909 | AM9: 0.0056081958 | AN9: 0.00034521226 | AO9: 0.0059058921 | AP9: 0.0016351774 | AQ9: 0.0026154149 | AR9: 0.032777671 | AS9: 0.93173744 | AT9: 0.0047118272 | AU9: 0.0035339574 | AV9: 0.0026102804 | AW9: 0.0042839601 | AX9: 0.00048018719 | AZ9: =SUM(AJ9:AX9) -> 1 | BH9: RIESGO | BI9: 0.017226873
A10: 41200 | S10: MATRIZ DE VARIANZAS & COVARIANZAS | AI10: PORT 7 | AJ10: 0.00028317024 | AK10: 0.0040110061 | AL10: 0.0063296626 | AM10: 0.0041392926 | AN10: 0.0036687482 | AO10: 0.0024279121 | AP10: 0.00087740326 | AQ10: 0.0027654546 | AR10: 0.023875578 | AS10: 0.93597707 | AT10: 0.0025208046 | AU10: 0.003704076 | AV10: 0.0022182782 | AW10: 0.0049599514 | AX10: 0.002241597 | AZ10: =SUM(AJ10:AX10) -> 1 | BH10: PORTAFOLIO MÍNIMO RIESGO
A11: 41201 | S11: ALICORPC1 | T11: BAP | U11: BBVAC1 | V11: BVN | W11: CPACASC1 | X11: FERREYC1 | Y11: GRAMONC1 | Z11: IFS | AA11: INRETC1 | AB11: LUSURC1 | AC11: MINSURI1 | AD11: NEXAPEC1 | AE11: RELAPAC1 | AF11: UNACEMC1 | AG11: VOLCABC1 | BB11: Rentabilidad diaria | BH11: RETORNO | BI11: 0.00026233375 | BL11: 0.17755376 | BM11: 0.066259661 | BN11: 0.040893252 | BO11: 0.020414541 | BP11: 0.12381282 | BQ11: 0.061423209 | BR11: 0 | BS11: 0.044010075 | BT11: 0.27663136 | BU11: 0.13618045 | BV11: 0 | BW11: 0.0072305833 | BX11: 0 | BY11: 0.045590294 | BZ11: 0
A12: 41204 | R12: ALICORPC1 | S12: =_xlfn.COVARIANCE.S(INDIRECT($R12),INDIRECT(S$11)) -> 0.00045404759 | T12: =_xlfn.COVARIANCE.S(INDIRECT($R12),INDIRECT(T$11)) -> 0.00032041581 | U12: =_xlfn.COVARIANCE.S(INDIRECT($R12),INDIRECT(U$11)) -> 7.9692692e-05 | V12: =_xlfn.COVARIANCE.S(INDIRECT($R12),INDIRECT(V$11)) -> 0.00015164953 | W12: =_xlfn.COVARIANCE.S(INDIRECT($R12),INDIRECT(W$11)) -> 0.00018680715 | X12: =_xlfn.COVARIANCE.S(INDIRECT($R12),INDIRECT(X$11)) -> 0.00039273504 | Y12: =_xlfn.COVARIANCE.S(INDIRECT($R12),INDIRECT(Y$11)) -> 0.00013847582 | Z12: =_xlfn.COVARIANCE.S(INDIRECT($R12),INDIRECT(Z$11)) -> 0.00012091238 | ... AG12: =_xlfn.COVARIANCE.S(INDIRECT($R12),INDIRECT(AG$11)) -> 0.00035017443 | BB12: Activo libre de riesgo | BD12: 0.0006 | BH12: RIESGO | BI12: 0.0084762786
A13: 41205 | R13: BAP | S13: =_xlfn.COVARIANCE.S(INDIRECT($R13),INDIRECT(S$11)) -> 0.00032041581 | T13: =_xlfn.COVARIANCE.S(INDIRECT($R13),INDIRECT(T$11)) -> 0.00090172622 | U13: =_xlfn.COVARIANCE.S(INDIRECT($R13),INDIRECT(U$11)) -> 0.00011990473 | V13: =_xlfn.COVARIANCE.S(INDIRECT($R13),INDIRECT(V$11)) -> 0.0006000621 | W13: =_xlfn.COVARIANCE.S(INDIRECT($R13),INDIRECT(W$11)) -> 0.00018019737 | X13: =_xlfn.COVARIANCE.S(INDIRECT($R13),INDIRECT(X$11)) -> 0.00039272753 | Y13: =_xlfn.COVARIANCE.S(INDIRECT($R13),INDIRECT(Y$11)) -> 0.00012155284 | Z13: =_xlfn.COVARIANCE.S(INDIRECT($R13),INDIRECT(Z$11)) -> 0.00059610381 | ... AG13: =_xlfn.COVARIANCE.S(INDIRECT($R13),INDIRECT(AG$11)) -> 0.00031624337
A14: 41206 | R14: BBVAC1 | S14: =_xlfn.COVARIANCE.S(INDIRECT($R14),INDIRECT(S$11)) -> 7.9692692e-05 | T14: =_xlfn.COVARIANCE.S(INDIRECT($R14),INDIRECT(T$11)) -> 0.00011990473 | U14: =_xlfn.COVARIANCE.S(INDIRECT($R14),INDIRECT(U$11)) -> 0.00029695462 | V14: =_xlfn.COVARIANCE.S(INDIRECT($R14),INDIRECT(V$11)) -> 0.00039931985 | W14: =_xlfn.COVARIANCE.S(INDIRECT($R14),INDIRECT(W$11)) -> 0.00016377772 | X14: =_xlfn.COVARIANCE.S(INDIRECT($R14),INDIRECT(X$11)) -> 0.00017609732 | Y14: =_xlfn.COVARIANCE.S(INDIRECT($R14),INDIRECT(Y$11)) -> -1.9613248e-05 | Z14: =_xlfn.COVARIANCE.S(INDIRECT($R14),INDIRECT(Z$11)) -> 0.00013331141 | ... AG14: =_xlfn.COVARIANCE.S(INDIRECT($R14),INDIRECT(AG$11)) -> 0.0003086485 | AJ14: =+AJ6*600000 -> 0 | AK14: =+AK6*600000 -> 0 | AL14: =+AL6*600000 -> 0 | AM14: =+AM6*600000 -> 67129.24 | AN14: =+AN6*600000 -> 0 | AO14: =+AO6*600000 -> 0 | AP14: =+AP6*600000 -> 139022.76 | AQ14: =+AQ6*600000 -> 100590.41 | ... AX14: =+AX6*600000 -> 0 | BH14: FECHAS 12 MARZO - 11 JUNIO
A15: 41207 | R15: BVN | S15: =_xlfn.COVARIANCE.S(INDIRECT($R15),INDIRECT(S$11)) -> 0.00015164953 | T15: =_xlfn.COVARIANCE.S(INDIRECT($R15),INDIRECT(T$11)) -> 0.0006000621 | U15: =_xlfn.COVARIANCE.S(INDIRECT($R15),INDIRECT(U$11)) -> 0.00039931985 | V15: =_xlfn.COVARIANCE.S(INDIRECT($R15),INDIRECT(V$11)) -> 0.0023876178 | W15: =_xlfn.COVARIANCE.S(INDIRECT($R15),INDIRECT(W$11)) -> 0.00026118596 | X15: =_xlfn.COVARIANCE.S(INDIRECT($R15),INDIRECT(X$11)) -> 0.0002920773 | Y15: =_xlfn.COVARIANCE.S(INDIRECT($R15),INDIRECT(Y$11)) -> 0.00041387703 | Z15: =_xlfn.COVARIANCE.S(INDIRECT($R15),INDIRECT(Z$11)) -> 0.0006389666 | ... AG15: =_xlfn.COVARIANCE.S(INDIRECT($R15),INDIRECT(AG$11)) -> 0.00058439899 | BB15: Monto | BC15: Porcentaje | BH15: PORTAFOLIO ÓPTIMO <-> RATIO SHARP | BL15: PESOS
A16: 41208 | R16: CPACASC1 | S16: =_xlfn.COVARIANCE.S(INDIRECT($R16),INDIRECT(S$11)) -> 0.00018680715 | T16: =_xlfn.COVARIANCE.S(INDIRECT($R16),INDIRECT(T$11)) -> 0.00018019737 | U16: =_xlfn.COVARIANCE.S(INDIRECT($R16),INDIRECT(U$11)) -> 0.00016377772 | V16: =_xlfn.COVARIANCE.S(INDIRECT($R16),INDIRECT(V$11)) -> 0.00026118596 | W16: =_xlfn.COVARIANCE.S(INDIRECT($R16),INDIRECT(W$11)) -> 0.00036966408 | X16: =_xlfn.COVARIANCE.S(INDIRECT($R16),INDIRECT(X$11)) -> 0.00036904704 | Y16: =_xlfn.COVARIANCE.S(INDIRECT($R16),INDIRECT(Y$11)) -> 0.00024528054 | Z16: =_xlfn.COVARIANCE.S(INDIRECT($R16),INDIRECT(Z$11)) -> 0.0002084643 | ... AG16: =_xlfn.COVARIANCE.S(INDIRECT($R16),INDIRECT(AG$11)) -> 0.00046032337 | BA16: BVN | BB16: 67129.24 | BC16: =BB16/$BC$52 -> 0.11188207 | BH16: Retorno/riesgos | BI16: =+BI17/BI18 -> 0.15883711 | BL16: ALICORPC1 | BM16: BAP | BN16: BBVAC1 | BO16: BVN | BP16: CPACASC1 | BQ16: FERREYC1 | BR16: GRAMONC1 | BS16: IFS | BT16: INRETC1 | BU16: LUSURC1 | BV16: MINSURI1 | BW16: NEXAPEC1 | BX16: RELAPAC1 | BY16: UNACEMC1 | BZ16: VOLCABC1
A17: 41211 | R17: FERREYC1 | S17: =_xlfn.COVARIANCE.S(INDIRECT($R17),INDIRECT(S$11)) -> 0.00039273504 | T17: =_xlfn.COVARIANCE.S(INDIRECT($R17),INDIRECT(T$11)) -> 0.00039272753 | U17: =_xlfn.COVARIANCE.S(INDIRECT($R17),INDIRECT(U$11)) -> 0.00017609732 | V17: =_xlfn.COVARIANCE.S(INDIRECT($R17),INDIRECT(V$11)) -> 0.0002920773 | W17: =_xlfn.COVARIANCE.S(INDIRECT($R17),INDIRECT(W$11)) -> 0.00036904704 | X17: =_xlfn.COVARIANCE.S(INDIRECT($R17),INDIRECT(X$11)) -> 0.00069941815 | Y17: =_xlfn.COVARIANCE.S(INDIRECT($R17),INDIRECT(Y$11)) -> 0.00029468429 | Z17: =_xlfn.COVARIANCE.S(INDIRECT($R17),INDIRECT(Z$11)) -> 0.00037457018 | ... AG17: =_xlfn.COVARIANCE.S(INDIRECT($R17),INDIRECT(AG$11)) -> 0.00058139281 | BA17: INRETC | BB17: 235512.18 | BC17: =BB17/$BC$52 -> 0.3925203 | BH17: RETORNO | BI17: 0.0026660945 | BL17: 0 | BM17: 0.069722297 | BN17: 0 | BO17: 0 | BP17: 0 | BQ17: 0 | BR17: 0.18233581 | BS17: 0.018087341 | BT17: 0 | BU17: 0 | BV17: 0.72436604 | BW17: 0 | BX17: 0 | BY17: 0 | BZ17: 0.0054884848
A18: 41212 | R18: GRAMONC1 | S18: =_xlfn.COVARIANCE.S(INDIRECT($R18),INDIRECT(S$11)) -> 0.00013847582 | T18: =_xlfn.COVARIANCE.S(INDIRECT($R18),INDIRECT(T$11)) -> 0.00012155284 | U18: =_xlfn.COVARIANCE.S(INDIRECT($R18),INDIRECT(U$11)) -> -1.9613248e-05 | V18: =_xlfn.COVARIANCE.S(INDIRECT($R18),INDIRECT(V$11)) -> 0.00041387703 | W18: =_xlfn.COVARIANCE.S(INDIRECT($R18),INDIRECT(W$11)) -> 0.00024528054 | X18: =_xlfn.COVARIANCE.S(INDIRECT($R18),INDIRECT(X$11)) -> 0.00029468429 | Y18: =_xlfn.COVARIANCE.S(INDIRECT($R18),INDIRECT(Y$11)) -> 0.00068779303 | Z18: =_xlfn.COVARIANCE.S(INDIRECT($R18),INDIRECT(Z$11)) -> 5.4275263e-05 | ... AG18: =_xlfn.COVARIANCE.S(INDIRECT($R18),INDIRECT(AG$11)) -> 0.00033777983 | BB18: 192494.51 | BC18: =BB18/$BC$52 -> 0.32082418 | BH18: RIESGO | BI18: 0.016785086 | BL18: =+BL17*500000 -> 0 | BM18: =+BM17*500000 -> 34861.148 | BN18: =+BN17*500000 -> 0 | BO18: =+BO17*500000 -> 0 | BP18: =+BP17*500000 -> 0 | BQ18: =+BQ17*500000 -> 0 | BR18: =+BR17*500000 -> 91167.907 | BS18: =+BS17*500000 -> 9043.6704 | ... BZ18: =+BZ17*500000 -> 2744.2424
A19: 41213 | R19: IFS | S19: =_xlfn.COVARIANCE.S(INDIRECT($R19),INDIRECT(S$11)) -> 0.00012091238 | T19: =_xlfn.COVARIANCE.S(INDIRECT($R19),INDIRECT(T$11)) -> 0.00059610381 | U19: =_xlfn.COVARIANCE.S(INDIRECT($R19),INDIRECT(U$11)) -> 0.00013331141 | V19: =_xlfn.COVARIANCE.S(INDIRECT($R19),INDIRECT(V$11)) -> 0.0006389666 | W19: =_xlfn.COVARIANCE.S(INDIRECT($R19),INDIRECT(W$11)) -> 0.0002084643 | X19: =_xlfn.COVARIANCE.S(INDIRECT($R19),INDIRECT(X$11)) -> 0.00037457018 | Y19: =_xlfn.COVARIANCE.S(INDIRECT($R19),INDIRECT(Y$11)) -> 5.4275263e-05 | Z19: =_xlfn.COVARIANCE.S(INDIRECT($R19),INDIRECT(Z$11)) -> 0.0010462842 | ... AG19: =_xlfn.COVARIANCE.S(INDIRECT($R19),INDIRECT(AG$11)) -> 0.00024559065 | BB19: =SUM(BB16:BB18) -> 495135.93 | BH19: PORTAFOLIO MÁXIMA RENTABILIDAD
A20: 41215 | R20: INRETC1 | S20: =_xlfn.COVARIANCE.S(INDIRECT($R20),INDIRECT(S$11)) -> 0.00025804773 | T20: =_xlfn.COVARIANCE.S(INDIRECT($R20),INDIRECT(T$11)) -> 0.00029579551 | U20: =_xlfn.COVARIANCE.S(INDIRECT($R20),INDIRECT(U$11)) -> -2.5539059e-06 | V20: =_xlfn.COVARIANCE.S(INDIRECT($R20),INDIRECT(V$11)) -> 0.00014052811 | W20: =_xlfn.COVARIANCE.S(INDIRECT($R20),INDIRECT(W$11)) -> 0.00010569489 | X20: =_xlfn.COVARIANCE.S(INDIRECT($R20),INDIRECT(X$11)) -> 0.00022367954 | Y20: =_xlfn.COVARIANCE.S(INDIRECT($R20),INDIRECT(Y$11)) -> 0.0001066009 | Z20: =_xlfn.COVARIANCE.S(INDIRECT($R20),INDIRECT(Z$11)) -> 7.4053702e-05 | ... AG20: =_xlfn.COVARIANCE.S(INDIRECT($R20),INDIRECT(AG$11)) -> 0.00028332985 | BH20: RETORNO | BI20: 0.0053153166 | BL20: 0 | BM20: 0 | BN20: 0 | BO20: 1 | BP20: 0 | BQ20: 0 | BR20: 0 | BS20: 0 | BT20: 0 | BU20: 0 | BV20: 0 | BW20: 0 | BX20: 0 | BY20: 0 | BZ20: 0
A21: 41218 | R21: LUSURC1 | S21: =_xlfn.COVARIANCE.S(INDIRECT($R21),INDIRECT(S$11)) -> 5.8575394e-05 | T21: =_xlfn.COVARIANCE.S(INDIRECT($R21),INDIRECT(T$11)) -> 0.00026228811 | U21: =_xlfn.COVARIANCE.S(INDIRECT($R21),INDIRECT(U$11)) -> -6.2920516e-05 | V21: =_xlfn.COVARIANCE.S(INDIRECT($R21),INDIRECT(V$11)) -> 0.00013068474 | W21: =_xlfn.COVARIANCE.S(INDIRECT($R21),INDIRECT(W$11)) -> -8.423267e-05 | X21: =_xlfn.COVARIANCE.S(INDIRECT($R21),INDIRECT(X$11)) -> 7.0282764e-06 | Y21: =_xlfn.COVARIANCE.S(INDIRECT($R21),INDIRECT(Y$11)) -> -6.3285864e-05 | Z21: =_xlfn.COVARIANCE.S(INDIRECT($R21),INDIRECT(Z$11)) -> 0.00017571143 | ... AG21: =_xlfn.COVARIANCE.S(INDIRECT($R21),INDIRECT(AG$11)) -> -0.00018072588 | BH21: RIESGO | BI21: 0.063583709
A22: 41219 | R22: MINSURI1 | S22: =_xlfn.COVARIANCE.S(INDIRECT($R22),INDIRECT(S$11)) -> 0.00015416335 | T22: =_xlfn.COVARIANCE.S(INDIRECT($R22),INDIRECT(T$11)) -> 0.00023793228 | U22: =_xlfn.COVARIANCE.S(INDIRECT($R22),INDIRECT(U$11)) -> 0.00012988685 | V22: =_xlfn.COVARIANCE.S(INDIRECT($R22),INDIRECT(V$11)) -> 0.0002404516 | W22: =_xlfn.COVARIANCE.S(INDIRECT($R22),INDIRECT(W$11)) -> 7.6074978e-05 | X22: =_xlfn.COVARIANCE.S(INDIRECT($R22),INDIRECT(X$11)) -> 0.00019428803 | Y22: =_xlfn.COVARIANCE.S(INDIRECT($R22),INDIRECT(Y$11)) -> 4.1849134e-05 | Z22: =_xlfn.COVARIANCE.S(INDIRECT($R22),INDIRECT(Z$11)) -> 0.00018675263 | ... AG22: =_xlfn.COVARIANCE.S(INDIRECT($R22),INDIRECT(AG$11)) -> 0.00014719532 | BH22: PORTAFOLIO MÍNIMO RIESGO
A23: 41220 | R23: NEXAPEC1 | S23: =_xlfn.COVARIANCE.S(INDIRECT($R23),INDIRECT(S$11)) -> 0.00031200472 | T23: =_xlfn.COVARIANCE.S(INDIRECT($R23),INDIRECT(T$11)) -> 0.00040491811 | U23: =_xlfn.COVARIANCE.S(INDIRECT($R23),INDIRECT(U$11)) -> 7.4682927e-05 | V23: =_xlfn.COVARIANCE.S(INDIRECT($R23),INDIRECT(V$11)) -> 8.7692543e-05 | W23: =_xlfn.COVARIANCE.S(INDIRECT($R23),INDIRECT(W$11)) -> 0.00018541773 | X23: =_xlfn.COVARIANCE.S(INDIRECT($R23),INDIRECT(X$11)) -> 0.00038682167 | Y23: =_xlfn.COVARIANCE.S(INDIRECT($R23),INDIRECT(Y$11)) -> -0.00027357688 | Z23: =_xlfn.COVARIANCE.S(INDIRECT($R23),INDIRECT(Z$11)) -> 0.0006241185 | ... AG23: =_xlfn.COVARIANCE.S(INDIRECT($R23),INDIRECT(AG$11)) -> 0.00045451998 | BH23: RETORNO | BI23: 0.00068341615 | BL23: 0.13545796 | BM23: 0 | BN23: 0.0096668751 | BO23: 0.027922325 | BP23: 0.20915232 | BQ23: 0.0084421662 | BR23: 0.015534076 | BS23: 0 | BT23: 0.11433641 | BU23: 0.093288164 | BV23: 0.28481593 | BW23: 0.10138378 | BX23: 0 | BY23: 0 | BZ23: 0
A24: 41221 | R24: RELAPAC1 | S24: =_xlfn.COVARIANCE.S(INDIRECT($R24),INDIRECT(S$11)) -> 0.00046303774 | T24: =_xlfn.COVARIANCE.S(INDIRECT($R24),INDIRECT(T$11)) -> 0.00059828056 | U24: =_xlfn.COVARIANCE.S(INDIRECT($R24),INDIRECT(U$11)) -> 0.00032702598 | V24: =_xlfn.COVARIANCE.S(INDIRECT($R24),INDIRECT(V$11)) -> 0.00070112568 | W24: =_xlfn.COVARIANCE.S(INDIRECT($R24),INDIRECT(W$11)) -> 0.00050822298 | X24: =_xlfn.COVARIANCE.S(INDIRECT($R24),INDIRECT(X$11)) -> 0.00054526407 | Y24: =_xlfn.COVARIANCE.S(INDIRECT($R24),INDIRECT(Y$11)) -> 0.00024133648 | Z24: =_xlfn.COVARIANCE.S(INDIRECT($R24),INDIRECT(Z$11)) -> 0.00043496407 | ... AG24: =_xlfn.COVARIANCE.S(INDIRECT($R24),INDIRECT(AG$11)) -> 0.00091445896 | BH24: RIESGO | BI24: 0.014614758
A25: 41222 | R25: UNACEMC1 | S25: =_xlfn.COVARIANCE.S(INDIRECT($R25),INDIRECT(S$11)) -> 0.00039492419 | T25: =_xlfn.COVARIANCE.S(INDIRECT($R25),INDIRECT(T$11)) -> 0.00036536925 | U25: =_xlfn.COVARIANCE.S(INDIRECT($R25),INDIRECT(U$11)) -> 0.00029673658 | V25: =_xlfn.COVARIANCE.S(INDIRECT($R25),INDIRECT(V$11)) -> 0.00060974146 | W25: =_xlfn.COVARIANCE.S(INDIRECT($R25),INDIRECT(W$11)) -> 0.00043536168 | X25: =_xlfn.COVARIANCE.S(INDIRECT($R25),INDIRECT(X$11)) -> 0.00060293724 | Y25: =_xlfn.COVARIANCE.S(INDIRECT($R25),INDIRECT(Y$11)) -> 0.00041087539 | Z25: =_xlfn.COVARIANCE.S(INDIRECT($R25),INDIRECT(Z$11)) -> 0.00029115744 | ... AG25: =_xlfn.COVARIANCE.S(INDIRECT($R25),INDIRECT(AG$11)) -> 0.0007665832
A26: 41225 | R26: VOLCABC1 | S26: =_xlfn.COVARIANCE.S(INDIRECT($R26),INDIRECT(S$11)) -> 0.00035017443 | T26: =_xlfn.COVARIANCE.S(INDIRECT($R26),INDIRECT(T$11)) -> 0.00031624337 | U26: =_xlfn.COVARIANCE.S(INDIRECT($R26),INDIRECT(U$11)) -> 0.0003086485 | V26: =_xlfn.COVARIANCE.S(INDIRECT($R26),INDIRECT(V$11)) -> 0.00058439899 | W26: =_xlfn.COVARIANCE.S(INDIRECT($R26),INDIRECT(W$11)) -> 0.00046032337 | X26: =_xlfn.COVARIANCE.S(INDIRECT($R26),INDIRECT(X$11)) -> 0.00058139281 | Y26: =_xlfn.COVARIANCE.S(INDIRECT($R26),INDIRECT(Y$11)) -> 0.00033777983 | Z26: =_xlfn.COVARIANCE.S(INDIRECT($R26),INDIRECT(Z$11)) -> 0.00024559065 | ... AG26: =_xlfn.COVARIANCE.S(INDIRECT($R26),INDIRECT(AG$11)) -> 0.0010901122
A27: 41226
A28: 41227
A29: 41228 | BF29: CARTERA INICIAL ESCOGIDA | BG29: INFORMACIÓN
A30: 41229 | BG30: FECHAS 27 MARZO - 11 JUNIO | BH30: PORTAFOLIO ÓPTIMO <-> RATIO SHARP | BL30: PESOS
A31: 41232 | BH31: Retorno/riesgos | BI31: =+BI32/BI33 -> 0.2274658 | BL31: ALICORPC1 | BM31: BAP | BN31: BBVAC1 | BO31: BVN | BP31: CPACASC1 | BQ31: FERREYC1 | BR31: GRAMONC1 | BS31: IFS | BT31: INRETC1 | BU31: LUSURC1 | BV31: MINSURI1 | BW31: NEXAPEC1 | BX31: RELAPAC1 | BY31: UNACEMC1 | BZ31: VOLCABC1
A32: 41233 | BH32: RETORNO | BI32: 0.0041284369 | BL32: 0.12962015 | BM32: 0 | BN32: 0 | BO32: 0.10892295 | BP32: 0 | BQ32: 0 | BR32: 0 | BS32: 0 | BT32: 0.40032951 | BU32: 0.054822302 | BV32: 0.3063051 | BW32: 0 | BX32: 0 | BY32: 0 | BZ32: 0
A33: 41234 | BH33: RIESGO | BI33: 0.018149704 | BL33: =+BL32*500000 -> 64810.074 | BM33: =+BM32*600000 -> 0 | BN33: =+BN32*600000 -> 0 | BO33: =+BO32*600000 -> 65353.769 | BP33: =+BP32*600000 -> 0 | BQ33: =+BQ32*600000 -> 0 | BR33: =+BR32*600000 -> 0 | BS33: =+BS32*600000 -> 0 | BT33: =+BT32*600000 -> 240197.7 | ... BZ33: =+BZ32*600000 -> 0
A34: 41235 | BH34: PORTAFOLIO MÁXIMA RENTABILIDAD
A35: 41236 | BH35: RETORNO | BI35: 0.0063278305 | BL35: 0 | BM35: 0 | BN35: 0 | BO35: 0 | BP35: 0 | BQ35: 0 | BR35: 1 | BS35: 0 | BT35: 0 | BU35: 0 | BV35: 0 | BW35: 0 | BX35: 0 | BY35: 0 | BZ35: 0
A36: 41239 | BH36: RIESGO | BI36: 0.049648963
A37: 41240 | BH37: PORTAFOLIO MÍNIMO RIESGO
A38: 41241 | BH38: RETORNO | BI38: 0.0014685353 | BL38: 0.13545796 | BM38: 0 | BN38: 0.0096668751 | BO38: 0.027922325 | BP38: 0.20915232 | BQ38: 0.0084421662 | BR38: 0.015534076 | BS38: 0 | BT38: 0.11433641 | BU38: 0.093288164 | BV38: 0.28481593 | BW38: 0.10138378 | BX38: 0 | BY38: 0 | BZ38: 0
A39: 41242 | BH39: RIESGO | BI39: 0.013761765
A40: 41243
A41: 41246 | BI41: PRIMERA COMPRA 15/06/2020 | BJ41: TIPO DE CAMBIO
A42: 41247 | BJ42: 3.462
A43: 41248
A44: 41249
A45: 41250
A46: 41253
A47: 41254
A48: 41255 | BC48: Monto | BD48: Porcentaje | BF48: 1º REESTRUCTURACIÓN 16-06-2020 | BG48: INFORMACIÓN | BH48: PORTAFOLIO ÓPTIMO <-> RATIO SHARP | BL48: PESOS
A49: 41256 | BC49: 67129.24 | BD49: =BC49/$BC$52 -> 0.11188207 | BG49: FECHAS 27 MARZO - 18 JUNIO | BH49: SHARPE | BI49: =(BI50-$BD$12)/BI51 -> 0.21163301 | BL49: ALICORPC1 | BM49: BAP | BN49: BBVAC1 | BO49: BVN | BP49: CPACASC1 | BQ49: FERREYC1 | BR49: GRAMONC1 | BS49: IFS | BT49: INRETC1 | BU49: LUSURC1 | BV49: MINSURI1 | BW49: NEXAPEC1 | BX49: RELAPAC1 | BY49: UNACEMC1 | BZ49: VOLCABC1
A50: 41257 | BC50: 235512.18 | BD50: =BC50/$BC$52 -> 0.3925203 | BG50: Comentario: No se podrá dar porque ya se invirtió en BVN y en Inretail | BH50: RETORNO | BI50: 0.0053092063 | BL50: 0 | BM50: 0 | BN50: 0.049819473 | BO50: 0 | BP50: 0 | BQ50: 0 | BR50: 0.19571215 | BS50: 0 | BT50: 0 | BU50: 0 | BV50: 0.70856666 | BW50: 0 | BX50: 0 | BY50: 0 | BZ50: 0.045901711
A51: 41260 | BC51: 192494.51 | BD51: =BC51/$BC$52 -> 0.32082418 | BH51: RIESGO | BI51: 0.022251756
A52: 41261 | BC52: 600000 | BH52: PORTAFOLIO MÁXIMA RENTABILIDAD
A53: 41262 | BH53: RETORNO
A54: 41263 | BH54: RIESGO
A55: 41264 | BF55: CARTERA ÓPTIMA ARRIESGADA | BH55: PORTAFOLIO MÍNIMO RIESGO
A56: 41267 | BH56: RETORNO
A57: 41269 | BH57: RIESGO
A58: 41270
A59: 41271 | BF59: CARTERA ÓPTIMA ARRIESGADA | BG59: INFORMACIÓN | BH59: PORTAFOLIO ÓPTIMO <-> RATIO SHARP | BL59: PESOS
A60: 41274 | BG60: FECHAS 27 MARZO - 18 JUNIO | BH60: SHARPE | BI60: =(BI61-$BD$12)/BI62 -> 0.08290586 | BL60: ALICORPC1 | BM60: BAP | BN60: BBVAC1 | BO60: BVN | BP60: CPACASC1 | BQ60: FERREYC1 | BR60: GRAMONC1 | BS60: IFS | BT60: INRETC1 | BU60: LUSURC1 | BV60: MINSURI1 | BW60: NEXAPEC1 | BX60: RELAPAC1 | BY60: UNACEMC1 | BZ60: VOLCABC1
A61: 41276 | BG61: Con nuestras compras. | BH61: RETORNO | BI61: 0.0023354057 | BL61: 0 | BM61: 0 | BN61: 0 | BO61: 0.1355774 | BP61: 0 | BQ61: 0 | BR61: 0.22578415 | BS61: 0 | BT61: 0.47565157 | BU61: 0 | BV61: 0.16298689 | BW61: 0 | BX61: 0 | BY61: 0 | BZ61: 0
A62: 41277 | BH62: RIESGO | BI62: 0.020932244
A63: 41278 | BH63: PORTAFOLIO MÁXIMA RENTABILIDAD
A64: 41281 | BH64: RETORNO | BI64: 0.0026853664 | BL64: 0 | BM64: 0 | BN64: 0 | BO64: 0.1355774 | BP64: 0 | BQ64: 0 | BR64: 0.38877165 | BS64: 0 | BT64: 0.47565157 | BU64: 0 | BV64: 0 | BW64: 0 | BX64: 0 | BY64: 0 | BZ64: 0
A65: 41282 | BH65: RIESGO | BI65: 0.026085288
A66: 41283 | BH66: PORTAFOLIO MÍNIMO RIESGO
A67: 41284 | BH67: RETORNO
A68: 41285 | BH68: RIESGO
A69: 41288
A70: 41289 | BE70: Cartera mixta apalancada | BF70: El rendimiento del activo libre de riesgo es igual a 0.06% | BG70: Si nos prestamos = | BH70: 100000 | BI70: y '= | BJ70: =-BH70/500000 -> -0.2 | BK70: Se debe cumplir : y +y' =1
A71: 41290 | BI71: y= | BJ71: =1-BJ70 -> 1.2
A72: 41291 | BG72: Rentabilidad de la cartera mixta con y=120% es:
A73: 41292 | BG73: E = 1.2*0.591%-0.2*0.06%= | BH73: =$BJ$71*$BI$61+(1-$BJ$71)*0.06% -> 0.0026824869
A74: 41295 | BG74: Sigma = 1.2*3.509% = | BH74: =+$BJ$71*$BI$62 -> 0.025118693
A75: 41296
A76: 41297
A77: 41298
A78: 41299
A79: 41302
A80: 41303
A81: 41304
A82: 41305
A83: 41306
A84: 41309
A85: 41310
A86: 41311
... A1916: 43973
A1917: 43976 | B1917: =+LN(rprecios!B1916/rprecios!B1915) -> -0.0025940352 | C1917: =+LN(rprecios!C1916/rprecios!C1915) -> 0 | D1917: =+LN(rprecios!D1916/rprecios!D1915) -> 0.0076336249 | E1917: =+LN(rprecios!E1916/rprecios!E1915) -> 0 | F1917: =+LN(rprecios!F1916/rprecios!F1915) -> 0 | G1917: =+LN(rprecios!G1916/rprecios!G1915) -> 0.028778965 | H1917: =+LN(rprecios!H1916/rprecios!H1915) -> -0.013986242 | I1917: =+LN(rprecios!I1916/rprecios!I1915) -> 0.024194729 | ... P1917: =+LN(rprecios!P1916/rprecios!P1915) -> -0.0088626873
A1918: 43977 | B1918: =+LN(rprecios!B1917/rprecios!B1916) -> -0.013072082 | C1918: =+LN(rprecios!C1917/rprecios!C1916) -> 0.032350841 | D1918: =+LN(rprecios!D1917/rprecios!D1916) -> 0.015094626 | E1918: =+LN(rprecios!E1917/rprecios!E1916) -> -0.0074720148 | F1918: =+LN(rprecios!F1917/rprecios!F1916) -> -0.010384309 | G1918: =+LN(rprecios!G1917/rprecios!G1916) -> -0.0071174678 | H1918: =+LN(rprecios!H1917/rprecios!H1916) -> -0.021353124 | I1918: =+LN(rprecios!I1917/rprecios!I1916) -> 0.0059583096 | ... P1918: =+LN(rprecios!P1917/rprecios!P1916) -> 0.0088626873 | AH1918: 0
A1919: 43978 | B1919: =+LN(rprecios!B1918/rprecios!B1917) -> -0.006600684 | C1919: =+LN(rprecios!C1918/rprecios!C1917) -> 0.032258539 | D1919: =+LN(rprecios!D1918/rprecios!D1917) -> 0.0074627212 | E1919: =+LN(rprecios!E1918/rprecios!E1917) -> 0.023472356 | F1919: =+LN(rprecios!F1918/rprecios!F1917) -> 0 | G1919: =+LN(rprecios!G1918/rprecios!G1917) -> 0.0071174678 | H1919: =+LN(rprecios!H1918/rprecios!H1917) -> 0.0071684895 | I1919: =+LN(rprecios!I1918/rprecios!I1917) -> 0.044537854 | ... P1919: =+LN(rprecios!P1918/rprecios!P1917) -> -0.014815086
A1920: 43979 | B1920: =+LN(rprecios!B1919/rprecios!B1918) -> 0.02614528 | C1920: =+LN(rprecios!C1919/rprecios!C1918) -> 0.0026182657 | D1920: =+LN(rprecios!D1919/rprecios!D1918) -> 0 | E1920: =+LN(rprecios!E1919/rprecios!E1918) -> -0.0085837437 | F1920: =+LN(rprecios!F1919/rprecios!F1918) -> -0.018967903 | G1920: =+LN(rprecios!G1919/rprecios!G1918) -> 0.0070671672 | H1920: =+LN(rprecios!H1919/rprecios!H1918) -> 0.0071174678 | I1920: =+LN(rprecios!I1919/rprecios!I1918) -> 0.0018921482 | ... P1920: =+LN(rprecios!P1919/rprecios!P1918) -> -0.055228758
A1921: 43980 | B1921: =+LN(rprecios!B1920/rprecios!B1919) -> 0.0064308903 | C1921: =+LN(rprecios!C1920/rprecios!C1919) -> -0.032318791 | D1921: =+LN(rprecios!D1920/rprecios!D1919) -> -0.0074627212 | E1921: =+LN(rprecios!E1920/rprecios!E1919) -> -0.041489294 | F1921: =+LN(rprecios!F1920/rprecios!F1919) -> 0.010582109 | G1921: =+LN(rprecios!G1920/rprecios!G1919) -> 0.013986242 | H1921: =+LN(rprecios!H1920/rprecios!H1919) -> 0.061875404 | I1921: =+LN(rprecios!I1920/rprecios!I1919) -> -0.031882862 | ... P1921: =+LN(rprecios!P1920/rprecios!P1919) -> 0.046233195
A1922: 43983 | B1922: =+LN(rprecios!B1921/rprecios!B1920) -> -0.0064308903 | C1922: =+LN(rprecios!C1921/rprecios!C1920) -> 0.025226563 | D1922: =+LN(rprecios!D1921/rprecios!D1920) -> 0 | E1922: =+LN(rprecios!E1921/rprecios!E1920) -> 0.058583728 | F1922: =+LN(rprecios!F1921/rprecios!F1920) -> -0.010582109 | G1922: =+LN(rprecios!G1921/rprecios!G1920) -> -0.028170877 | H1922: =+LN(rprecios!H1921/rprecios!H1920) -> 0 | I1922: =+LN(rprecios!I1921/rprecios!I1920) -> -0.010989122 | ... P1922: =+LN(rprecios!P1921/rprecios!P1920) -> -0.0060423145
A1923: 43984 | B1923: =+LN(rprecios!B1922/rprecios!B1921) -> 0.0064308903 | C1923: =+LN(rprecios!C1922/rprecios!C1921) -> 0.017637141 | D1923: =+LN(rprecios!D1922/rprecios!D1921) -> -0.036617363 | E1923: =+LN(rprecios!E1922/rprecios!E1921) -> -0.024511031 | F1923: =+LN(rprecios!F1922/rprecios!F1921) -> 0.010582109 | G1923: =+LN(rprecios!G1922/rprecios!G1921) -> 0.0071174678 | H1923: =+LN(rprecios!H1922/rprecios!H1921) -> 0.032789823 | I1923: =+LN(rprecios!I1922/rprecios!I1921) -> -0.0015797792 | ... P1923: =+LN(rprecios!P1922/rprecios!P1921) -> -0.012195273
A1924: 43985 | B1924: =+LN(rprecios!B1923/rprecios!B1922) -> 0.015267472 | C1924: =+LN(rprecios!C1923/rprecios!C1922) -> 0.056618252 | D1924: =+LN(rprecios!D1923/rprecios!D1922) -> 0.013889112 | E1924: =+LN(rprecios!E1923/rprecios!E1922) -> 0.046068752 | F1924: =+LN(rprecios!F1923/rprecios!F1922) -> 0.031090587 | G1924: =+LN(rprecios!G1923/rprecios!G1922) -> 0.01408474 | H1924: =+LN(rprecios!H1923/rprecios!H1922) -> 0.031748698 | I1924: =+LN(rprecios!I1923/rprecios!I1922) -> 0.097822293 | ... P1924: =+LN(rprecios!P1923/rprecios!P1922) -> 0.021245109
A1925: 43986 | B1925: =+LN(rprecios!B1924/rprecios!B1923) -> 0.026169718 | C1925: =+LN(rprecios!C1924/rprecios!C1923) -> 0.022024875 | D1925: =+LN(rprecios!D1924/rprecios!D1923) -> 0 | E1925: =+LN(rprecios!E1924/rprecios!E1923) -> 0.0070838549 | F1925: =+LN(rprecios!F1924/rprecios!F1923) -> 0 | G1925: =+LN(rprecios!G1924/rprecios!G1923) -> 0 | H1925: =+LN(rprecios!H1924/rprecios!H1923) -> 0 | I1925: =+LN(rprecios!I1924/rprecios!I1923) -> -0.014440684 | ... P1925: =+LN(rprecios!P1924/rprecios!P1923) -> 0.020803128
A1926: 43987 | B1926: =+LN(rprecios!B1925/rprecios!B1924) -> 0.061998397 | C1926: =+LN(rprecios!C1925/rprecios!C1924) -> 0.068087484 | D1926: =+LN(rprecios!D1925/rprecios!D1924) -> 0.0076336249 | E1926: =+LN(rprecios!E1925/rprecios!E1924) -> 0.01169604 | F1926: =+LN(rprecios!F1925/rprecios!F1924) -> 0.020202707 | G1926: =+LN(rprecios!G1925/rprecios!G1924) -> 0.061035891 | H1926: =+LN(rprecios!H1925/rprecios!H1924) -> 0.01242252 | I1926: =+LN(rprecios!I1925/rprecios!I1924) -> 0.042362625 | ... P1926: =+LN(rprecios!P1925/rprecios!P1924) -> 0.051587369
A1927: 43990 | B1927: =+LN(rprecios!B1926/rprecios!B1925) -> -0.0057971177 | C1927: =+LN(rprecios!C1926/rprecios!C1925) -> 0.020619287 | D1927: =+LN(rprecios!D1926/rprecios!D1925) -> 0.0075757938 | E1927: =+LN(rprecios!E1926/rprecios!E1925) -> 0.035412038 | F1927: =+LN(rprecios!F1926/rprecios!F1925) -> 0 | G1927: =+LN(rprecios!G1926/rprecios!G1925) -> 0.013072082 | H1927: =+LN(rprecios!H1926/rprecios!H1925) -> -0.01242252 | I1927: =+LN(rprecios!I1926/rprecios!I1925) -> 0.067062347 | ... P1927: =+LN(rprecios!P1926/rprecios!P1925) -> 0.032970019
A1928: 43991 | B1928: =+LN(rprecios!B1927/rprecios!B1926) -> -0.017595762 | C1928: =+LN(rprecios!C1927/rprecios!C1926) -> -0.017604513 | D1928: =+LN(rprecios!D1927/rprecios!D1926) -> 0.014981554 | E1928: =+LN(rprecios!E1927/rprecios!E1926) -> -0.058942536 | F1928: =+LN(rprecios!F1927/rprecios!F1926) -> -0.010050336 | G1928: =+LN(rprecios!G1927/rprecios!G1926) -> -0.039740329 | H1928: =+LN(rprecios!H1927/rprecios!H1926) -> -0.031748698 | I1928: =+LN(rprecios!I1927/rprecios!I1926) -> -0.032463931 | ... P1928: =+LN(rprecios!P1927/rprecios!P1926) -> -0.027398974
A1929: 43992 | B1929: =+LN(rprecios!B1928/rprecios!B1927) -> 0 | C1929: =+LN(rprecios!C1928/rprecios!C1927) -> -0.033673215 | D1929: =+LN(rprecios!D1928/rprecios!D1927) -> 0.011090687 | E1929: =+LN(rprecios!E1928/rprecios!E1927) -> 0.090971778 | F1929: =+LN(rprecios!F1928/rprecios!F1927) -> -0.010152371 | G1929: =+LN(rprecios!G1928/rprecios!G1927) -> -0.020478531 | H1929: =+LN(rprecios!H1928/rprecios!H1927) -> 0 | I1929: =+LN(rprecios!I1928/rprecios!I1927) -> 0.0047027295 | ... P1929: =+LN(rprecios!P1928/rprecios!P1927) -> 0.013793322
...

Sheet rprecios
A1: FECHA | B1: ALICORPC1 | C1: BAP | D1: BBVAC1 | E1: BVN | F1: CPACASC1 | G1: FERREYC1 | H1: GRAMONC1 | I1: IFS | J1: INRETC1 | K1: LUSURC1 | L1: MINSURI1 | M1: NEXAPEC1 | N1: RELAPAC1 | O1: UNACEMC1 | P1: VOLCABC1
A2: 41191 | B2: 6.82 | C2: 119.02 | D2: 4.58 | E2: 37.25 | F2: 5.68 | G2: 1.8 | H2: 8.38 | I2: 30.32 | J2: 20.1 | K2: 7.35 | L2: 2.31 | M2: 3.52 | N2: 0.47 | O2: 2.96 | P2: 2.3
A3: 41192 | B3: 6.86 | C3: 119.76 | D3: 4.6 | E3: 37.05 | F3: 5.68 | G3: 1.79 | H3: 8.43 | I3: 30.51 | J3: 20.3 | K3: 7.46 | L3: 2.29 | M3: 3.51 | N3: 0.47 | O3: 2.97 | P3: 2.26
A4: 41193 | B4: 6.9 | C4: 119.03 | D4: 4.59 | E4: 37.3 | F4: 5.77 | G4: 1.74 | H4: 8.43 | I4: 30.51 | J4: 20.09 | K4: 7.46 | L4: 2.31 | M4: 3.51 | N4: 0.47 | O4: 3.04 | P4: 2.28
A5: 41194 | B5: 6.91 | C5: 117.78 | D5: 4.56 | E5: 37.1 | F5: 5.77 | G5: 1.74 | H5: 8.57 | I5: 30.51 | J5: 20.2 | K5: 7.46 | L5: 2.29 | M5: 3.51 | N5: 0.48 | O5: 3.06 | P5: 2.21
A6: 41197 | B6: 6.91 | C6: 117.79 | D6: 4.56 | E6: 36.6 | F6: 5.73 | G6: 1.76 | H6: 8.57 | I6: 30.64 | J6: 20.4 | K6: 7.51 | L6: 2.29 | M6: 3.51 | N6: 0.48 | O6: 3.08 | P6: 2.25
A7: 41198 | B7: 6.99 | C7: 118.39 | D7: 4.56 | E7: 36.3 | F7: 5.77 | G7: 1.76 | H7: 8.66 | I7: 30.64 | J7: 20.4 | K7: 7.59 | L7: 2.32 | M7: 3.51 | N7: 0.48 | O7: 3.11 | P7: 2.26
A8: 41199 | B8: 7.06 | C8: 118.53 | D8: 4.56 | E8: 36.7 | F8: 5.82 | G8: 1.75 | H8: 8.67 | I8: 30.42 | J8: 20.4 | K8: 7.59 | L8: 2.33 | M8: 3.49 | N8: 0.48 | O8: 3.11 | P8: 2.29
A9: 41200 | B9: 7.26 | C9: 117.82 | D9: 4.53 | E9: 36.15 | F9: 5.82 | G9: 1.75 | H9: 8.74 | I9: 30.42 | J9: 20.2 | K9: 7.64 | L9: 2.33 | M9: 3.47 | N9: 0.48 | O9: 3.11 | P9: 2.27
A10: 41201 | B10: 7.4 | C10: 118.44 | D10: 4.53 | E10: 36 | F10: 5.82 | G10: 1.75 | H10: 8.74 | I10: 30.42 | J10: 20 | K10: 7.69 | L10: 2.32 | M10: 3.43 | N10: 0.47 | O10: 3.1 | P10: 2.27
A11: 41204 | B11: 7.51 | C11: 118.63 | D11: 4.53 | E11: 36.4 | F11: 5.82 | G11: 1.74 | H11: 8.67 | I11: 30.14 | J11: 19.8 | K11: 7.65 | L11: 2.29 | M11: 3.41 | N11: 0.47 | O11: 3.11 | P11: 2.27
A12: 41205 | B12: 7.39 | C12: 118.16 | D12: 4.46 | E12: 35.5 | F12: 5.73 | G12: 1.74 | H12: 8.67 | I12: 29.6 | J12: 19.4 | K12: 7.65 | L12: 2.26 | M12: 3.31 | N12: 0.46 | O12: 3.08 | P12: 2.18
A13: 41206 | B13: 7.28 | C13: 118.72 | D13: 4.46 | E13: 35 | F13: 5.7 | G13: 1.74 | H13: 8.62 | I13: 29.6 | J13: 19.25 | K13: 7.64 | L13: 2.25 | M13: 3.31 | N13: 0.47 | O13: 3.07 | P13: 2.13
... A1854: 43885 | B1854: 9.05 | C1854: 194.11 | D1854: 3.36 | E1854: 12.2 | F1854: 6.1 | G1854: 2.05 | H1854: 1.85 | I1854: 40.88 | J1854: 36.75 | K1854: 25.45 | L1854: 1.61 | M1854: 3.42 | N1854: 0.099 | O1854: 1.96 | P1854: 0.5
A1855: 43886 | B1855: 9 | C1855: 187.85 | D1855: 3.36 | E1855: 11.8 | F1855: 6.05 | G1855: 2.03 | H1855: 1.78 | I1855: 40.6 | J1855: 36.4 | K1855: 25 | L1855: 1.6 | M1855: 3.35 | N1855: 0.097 | O1855: 1.95 | P1855: 0.48 | S1855: =MIN(C1855:C1930) -> 117.94 | T1855: =INDEX(A1855:C1930,MATCH(S1855,C1855:C1930,0),1) -> 43917
A1856: 43887 | B1856: 8.9 | C1856: 189.6 | D1856: 3.37 | E1856: 12.4 | F1856: 6 | G1856: 2 | H1856: 1.78 | I1856: 40 | J1856: 35.95 | K1856: 25 | L1856: 1.58 | M1856: 3.35 | N1856: 0.095 | O1856: 1.94 | P1856: 0.466
A1857: 43888 | B1857: 8.62 | C1857: 183.93 | D1857: 3.35 | E1857: 12.38 | F1857: 5.95 | G1857: 2 | H1857: 1.65 | I1857: 38.45 | J1857: 35.1 | K1857: 24.5 | L1857: 1.52 | M1857: 3.25 | N1857: 0.083 | O1857: 1.91 | P1857: 0.44
A1858: 43889 | B1858: 8.5 | C1858: 181.2 | D1858: 3.3 | E1858: 11.24 | F1858: 5.85 | G1858: 1.99 | H1858: 1.67 | I1858: 37.82 | J1858: 34.3 | K1858: 27 | L1858: 1.48 | M1858: 3.2 | N1858: 0.085 | O1858: 1.97 | P1858: 0.438
A1859: 43892 | B1859: 8.55 | C1859: 190 | D1859: 3.3 | E1859: 10.82 | F1859: 6.15 | G1859: 2 | H1859: 1.72 | I1859: 39.5 | J1859: 34.5 | K1859: 26 | L1859: 1.5 | M1859: 3.2 | N1859: 0.088 | O1859: 1.96 | P1859: 0.465
A1860: 43893 | B1860: 8.7 | C1860: 187.45 | D1860: 3.29 | E1860: 11.17 | F1860: 6.1 | G1860: 2.08 | H1860: 1.75 | I1860: 38.5 | J1860: 34 | K1860: 25.9 | L1860: 1.52 | M1860: 3.2 | N1860: 0.088 | O1860: 1.96 | P1860: 0.5
A1861: 43894 | B1861: 8.75 | C1861: 198.08 | D1861: 3.3 | E1861: 11 | F1861: 6.1 | G1861: 2.1 | H1861: 1.75 | I1861: 39.4 | J1861: 34.2 | K1861: 25.99 | L1861: 1.52 | M1861: 3.2 | N1861: 0.09 | O1861: 1.95 | P1861: 0.475
A1862: 43895 | B1862: 8.79 | C1862: 191.01 | D1862: 3.3 | E1862: 11.11 | F1862: 6.1 | G1862: 2.09 | H1862: 1.73 | I1862: 38.5 | J1862: 34.12 | K1862: 25.9 | L1862: 1.5 | M1862: 3.2 | N1862: 0.088 | O1862: 1.93 | P1862: 0.46
A1863: 43896 | B1863: 8.6 | C1863: 186.7 | D1863: 3.25 | E1863: 10.46 | F1863: 6 | G1863: 2 | H1863: 1.69 | I1863: 36.53 | J1863: 33 | K1863: 25 | L1863: 1.45 | M1863: 3.2 | N1863: 0.08 | O1863: 1.89 | P1863: 0.435
A1864: 43899 | B1864: 8.31 | C1864: 175 | D1864: 3.2 | E1864: 9.5 | F1864: 5.8 | G1864: 1.92 | H1864: 1.59 | I1864: 32.62 | J1864: 31.9 | K1864: 24.48 | L1864: 1.41 | M1864: 3 | N1864: 0.076 | O1864: 1.89 | P1864: 0.406
A1865: 43900 | B1865: 8.4 | C1865: 179.4 | D1865: 3.2 | E1865: 9.45 | F1865: 6 | G1865: 1.93 | H1865: 1.65 | I1865: 36 | J1865: 32 | K1865: 26 | L1865: 1.48 | M1865: 3 | N1865: 0.079 | O1865: 1.8 | P1865: 0.44
A1866: 43901 | B1866: 8.23 | C1866: 171.55 | D1866: 3.15 | E1866: 8.58 | F1866: 5.9 | G1866: 1.89 | H1866: 1.56 | I1866: 35.5 | J1866: 31.5 | K1866: 25.5 | L1866: 1.48 | M1866: 2.88 | N1866: 0.08 | O1866: 1.7 | P1866: 0.41
A1867: 43902 | B1867: 7.4 | C1867: 151 | D1867: 2.9 | E1867: 6.6 | F1867: 5.7 | G1867: 1.78 | H1867: 1.46 | I1867: 30.65 | J1867: 30 | K1867: 24.5 | L1867: 1.43 | M1867: 2.6 | N1867: 0.08 | O1867: 1.65 | P1867: 0.39
... A1934: 44000 | B1934: 8.27 | C1934: 150.25 | D1934: 2.7 | E1934: 8.61 | F1934: 5.1 | G1934: 1.42 | H1934: 1.62 | I1934: 30.45 | J1934: 34.5 | K1934: 26.03 | L1934: 1.54 | M1934: 2.24 | N1934: 0.066 | O1934: 1.6 | P1934: 0.35

Sheet basedatos
A1: FECHA | B1: ALICORPC1 | C1: BAP | D1: BBVAC1 | E1: BVN | F1: CPACASC1 | G1: FERREYC1 | H1: GRAMONC1 | I1: IFS | J1: INRETC1 | K1: LUSURC1 | L1: MINSURI1 | M1: NEXAPEC1 | N1: RELAPAC1 | O1: UNACEMC1 | P1: VOLCABC1 | Q1: Contar
A2: 41191 | B2: 6.82 | C2: 119.02 | D2: 4.58 | E2: 37.25 | F2: 5.68 | G2: 1.8 | H2: 8.38 | I2: 30.32 | J2: 20.1 | K2: 7.35 | L2: 2.31 | M2: 3.52 | N2: 0.47 | O2: 2.96 | P2: 2.3 | Q2: 15
A3: 41192 | B3: 6.86 | C3: 119.76 | D3: 4.6 | E3: 37.05 | F3: 5.68 | G3: 1.79 | H3: 8.43 | I3: 30.51 | J3: 20.3 | K3: 7.46 | L3: 2.29 | M3: 3.51 | N3: 0.47 | O3: 2.97 | P3: 2.26 | Q3: 15
A4: 41193 | B4: 6.9 | C4: 119.03 | D4: 4.59 | E4: 37.3 | F4: 5.77 | G4: 1.74 | H4: 8.43 | I4: 30.51 | J4: 20.09 | K4: 7.46 | L4: 2.31 | M4: 3.51 | N4: 0.47 | O4: 3.04 | P4: 2.28 | Q4: 15
A5: 41194 | B5: 6.91 | C5: 117.78 | D5: 4.56 | E5: 37.1 | F5: 5.77 | G5: 1.74 | H5: 8.57 | I5: 30.51 | J5: 20.2 | K5: 7.46 | L5: 2.29 | M5: 3.51 | N5: 0.48 | O5: 3.06 | P5: 2.21 | Q5: 15
A6: 41197 | B6: 6.91 | C6: 117.79 | D6: 4.56 | E6: 36.6 | F6: 5.73 | G6: 1.76 | H6: 8.57 | I6: 30.64 | J6: 20.4 | K6: 7.51 | L6: 2.29 | M6: 3.51 | N6: 0.48 | O6: 3.08 | P6: 2.25 | Q6: 15
A7: 41198 | B7: 6.99 | C7: 118.39 | D7: 4.56 | E7: 36.3 | F7: 5.77 | G7: 1.76 | H7: 8.66 | I7: 30.64 | J7: 20.4 | K7: 7.59 | L7: 2.32 | M7: 3.51 | N7: 0.48 | O7: 3.11 | P7: 2.26 | Q7: 15
A8: 41199 | B8: 7.06 | C8: 118.53 | D8: 4.56 | E8: 36.7 | F8: 5.82 | G8: 1.75 | H8: 8.67 | I8: 30.42 | J8: 20.4 | K8: 7.59 | L8: 2.33 | M8: 3.49 | N8: 0.48 | O8: 3.11 | P8: 2.29 | Q8: 15
A9: 41200 | B9: 7.26 | C9: 117.82 | D9: 4.53 | E9: 36.15 | F9: 5.82 | G9: 1.75 | H9: 8.74 | I9: 30.42 | J9: 20.2 | K9: 7.64 | L9: 2.33 | M9: 3.47 | N9: 0.48 | O9: 3.11 | P9: 2.27 | Q9: 15
A10: 41201 | B10: 7.4 | C10: 118.44 | D10: 4.53 | E10: 36 | F10: 5.82 | G10: 1.75 | H10: #N/A | I10: #N/A | J10: 20 | K10: 7.69 | L10: 2.32 | M10: 3.43 | N10: 0.47 | O10: 3.1 | P10: 2.27 | Q10: 13
A11: 41204 | B11: 7.51 | C11: 118.63 | D11: 4.53 | E11: 36.4 | F11: 5.82 | G11: 1.74 | H11: 8.67 | I11: 30.14 | J11: 19.8 | K11: 7.65 | L11: 2.29 | M11: 3.41 | N11: 0.47 | O11: 3.11 | P11: 2.27 | Q11: 15
A12: 41205 | B12: 7.39 | C12: 118.16 | D12: 4.46 | E12: 35.5 | F12: 5.73 | G12: 1.74 | H12: #N/A | I12: 29.6 | J12: 19.4 | K12: 7.65 | L12: 2.26 | M12: 3.31 | N12: 0.46 | O12: 3.08 | P12: 2.18 | Q12: 14
A13: 41206 | B13: 7.28 | C13: 118.72 | D13: 4.46 | E13: 35 | F13: 5.7 | G13: 1.74 | H13: 8.62 | I13: #N/A | J13: 19.25 | K13: 7.64 | L13: 2.25 | M13: 3.31 | N13: 0.47 | O13: 3.07 | P13: 2.13 | Q13: 14
A14: 41207 | B14: 7.25 | C14: 120.56 | D14: 4.46 | E14: 35.3 | F14: 5.73 | G14: 1.74 | H14: #N/A | I14: 29.6 | J14: 19.2 | K14: 7.64 | L14: 2.27 | M14: 3.32 | N14: 0.47 | O14: 3.06 | P14: 2.12 | Q14: 14
A15: 41208 | B15: 7.16 | C15: 119.73 | D15: 4.46 | E15: 35.2 | F15: 5.7 | G15: 1.74 | H15: #N/A | I15: 29.41 | J15: 19.25 | K15: 7.62 | L15: 2.25 | M15: 3.26 | N15: 0.46 | O15: 3.05 | P15: 2.13 | Q15: 14
A16: 41211 | B16: 7.16 | C16: 119.67 | D16: #N/A | E16: 35 | F16: 5.68 | G16: 1.74 | H16: 8.57 | I16: 29.6 | J16: #N/A | K16: #N/A | L16: 2.25 | M16: 3.28 | N16: 0.46 | O16: 3.04 | P16: 2.13 | Q16: 12
A17: 41212 | B17: 7.16 | C17: #N/A | D17: #N/A | E17: #N/A | F17: 5.68 | G17: 1.73 | H17: 8.57 | I17: #N/A | J17: 19.3 | K17: #N/A | L17: 2.24 | M17: #N/A | N17: 0.46 | O17: 3.03 | P17: 2.14 | Q17: 9
A18: 41213 | B18: 7.16 | C18: 121.47 | D18: 4.46 | E18: 35.51 | F18: 5.82 | G18: 1.72 | H18: 8.71 | I18: 29.14 | J18: 19.35 | K18: 7.62 | L18: 2.23 | M18: 3.31 | N18: 0.45 | O18: 3.03 | P18: 2.03 | Q18: 15
A19: 41215 | B19: 7.32 | C19: 124.92 | D19: 4.46 | E19: 34.68 | F19: 5.79 | G19: 1.71 | H19: 8.67 | I19: 29.14 | J19: 19.35 | K19: 7.69 | L19: 2.21 | M19: #N/A | N19: 0.45 | O19: 3.03 | P19: 2.12 | Q19: 14
A20: 41218 | B20: 7.39 | C20: 124.38 | D20: 4.49 | E20: 34.1 | F20: 5.87 | G20: 1.72 | H20: 8.71 | I20: 29.32 | J20: 19.5 | K20: 7.69 | L20: 2.23 | M20: 3.31 | N20: 0.46 | O20: 3.03 | P20: 2.13 | Q20: 15
A21: 41219 | B21: 7.48 | C21: 125.82 | D21: 4.55 | E21: 35 | F21: 5.94 | G21: 1.73 | H21: 8.7 | I21: 29.55 | J21: 19.42 | K21: 7.69 | L21: 2.21 | M21: 3.31 | N21: 0.45 | O21: 3.05 | P21: 2.05 | Q21: 15
A22: 41220 | B22: 7.45 | C22: 123.64 | D22: 4.56 | E22: 35.15 | F22: 6.02 | G22: 1.73 | H22: 8.7 | I22: 29.14 | J22: 19.4 | K22: 7.7 | L22: 2.24 | M22: 3.31 | N22: 0.45 | O22: 3.05 | P22: 2.02 | Q22: 15
A23: 41221 | B23: 7.5 | C23: 125.82 | D23: 4.54 | E23: 35.7 | F23: 6.04 | G23: 1.74 | H23: 8.62 | I23: 29.51 | J23: 19.45 | K23: 7.7 | L23: 2.27 | M23: 3.31 | N23: 0.46 | O23: 3.08 | P23: 2.08 | Q23: 15
A24: 41222 | B24: 7.5 | C24: 128.18 | D24: 4.57 | E24: 35.79 | F24: 6.1 | G24: 1.75 | H24: 8.53 | I24: #N/A | J24: 19.4 | K24: 7.7 | L24: 2.25 | M24: #N/A | N24: 0.46 | O24: 3.08 | P24: 2.07 | Q24: 13
A25: 41225 | B25: 7.5 | C25: 129.6 | D25: 4.58 | E25: 35.67 | F25: 6.18 | G25: 1.76 | H25: 8.51 | I25: 29.41 | J25: 19.5 | K25: 7.82 | L25: 2.22 | M25: #N/A | N25: 0.46 | O25: 3.08 | P25: 2.07 | Q25: 14
A26: 41226 | B26: 7.55 | C26: 129.6 | D26: 4.63 | E26: 35.45 | F26: 6.3 | G26: 1.74 | H26: 8.54 | I26: 29.87 | J26: 19.7 | K26: 7.92 | L26: 2.21 | M26: 3.31 | N26: 0.44 | O26: 3.18 | P26: 2.09 | Q26: 15
A27: 41227 | B27: 7.55 | C27: 128.66 | D27: 4.56 | E27: 33.5 | F27: 6.3 | G27: 1.74 | H27: 8.54 | I27: 29.6 | J27: 19.5 | K27: 7.92 | L27: 2.15 | M27: 3.29 | N27: 0.43 | O27: 3.16 | P27: 1.98 | Q27: 15
A28: 41228 | B28: 7.59 | C28: 127.97 | D28: 4.62 | E28: 33.45 | F28: 6.3 | G28: 1.71 | H28: 8.53 | I28: 29.96 | J28: 19.5 | K28: 7.92 | L28: 2.14 | M28: 3.26 | N28: 0.42 | O28: 3.12 | P28: 1.74 | Q28: 15
A29: 41229 | B29: 7.64 | C29: 128.99 | D29: 4.58 | E29: 33.29 | F29: 6.15 | G29: 1.7 | H29: 8.55 | I29: 29.6 | J29: 19.5 | K29: 7.92 | L29: #N/A | M29: 3.22 | N29: 0.43 | O29: 3.14 | P29: 1.75 | Q29: 14
A30: 41232 | B30: 7.79 | C30: 130.93 | D30: 4.67 | E30: 33.8 | F30: 6.35 | G30: 1.7 | H30: 8.64 | I30: 29.78 | J30: 19.5 | K30: 7.96 | L30: 2.13 | M30: 3.22 | N30: 0.43 | O30: 3.22 | P30: 1.77 | Q30: 15
A31: 41233 | B31: 7.79 | C31: 130.93 | D31: 4.69 | E31: 33.3 | F31: 6.41 | G31: 1.7 | H31: 8.82 | I31: 29.78 | J31: 19.5 | K31: 7.96 | L31: 2.13 | M31: 3.23 | N31: 0.43 | O31: 3.2 | P31: 1.75 | Q31: 15
A32: 41234 | B32: 7.84 | C32: 131.85 | D32: 4.73 | E32: 33.8 | F32: 6.4 | G32: 1.7 | H32: 8.88 | I32: 30.05 | J32: 19.5 | K32: 7.95 | L32: 2.1 | M32: 3.18 | N32: 0.42 | O32: 3.2 | P32: 1.77 | Q32: 15
A33: 41235 | B33: 7.86 | C33: 131.97 | D33: 4.73 | E33: #N/A | F33: 6.4 | G33: 1.7 | H33: 8.83 | I33: 29.96 | J33: 19.7 | K33: 7.96 | L33: 2.09 | M33: 3.23 | N33: 0.42 | O33: 3.2 | P33: 1.79 | Q33: 14
A34: 41236 | B34: 7.89 | C34: 130.93 | D34: 4.73 | E34: 34 | F34: 6.35 | G34: 1.7 | H34: 8.83 | I34: 30.05 | J34: 19.6 | K34: 7.92 | L34: 2.08 | M34: 3.18 | N34: 0.43 | O34: 3.2 | P34: 1.88 | Q34: 15
A35: 41239 | B35: 7.98 | C35: 131.64 | D35: 4.77 | E35: 33.92 | F35: 6.39 | G35: 1.7 | H35: 8.96 | I35: 30.53 | J35: 19.7 | K35: 7.96 | L35: 2.07 | M35: 3.16 | N35: 0.43 | O35: 3.19 | P35: 1.9 | Q35: 15
A36: 41240 | B36: 7.89 | C36: 130.55 | D36: #N/A | E36: 33 | F36: 6.4 | G36: 1.69 | H36: 9.16 | I36: 30.51 | J36: 19.85 | K36: 7.92 | L36: 1.99 | M36: 3.18 | N36: 0.43 | O36: 3.17 | P36: 2 | Q36: 14
A37: 41241 | B37: 7.84 | C37: 130.57 | D37: 4.79 | E37: 32.82 | F37: 6.4 | G37: 1.7 | H37: 9.2 | I37: 30.51 | J37: #N/A | K37: 7.92 | L37: 1.99 | M37: 3.14 | N37: 0.43 | O37: 3.13 | P37: 1.95 | Q37: 14
A38: 41242 | B38: 7.94 | C38: 132.82 | D38: 4.79 | E38: 33.18 | F38: 6.35 | G38: 1.7 | H38: 9.2 | I38: 31.05 | J38: 20 | K38: #N/A | L38: 1.99 | M38: 3.14 | N38: 0.43 | O38: 3.13 | P38: 1.98 | Q38: 14
A39: 41243 | B39: 7.81 | C39: 132.44 | D39: 4.79 | E39: 32.25 | F39: 6.35 | G39: 1.7 | H39: 9.16 | I39: 31.51 | J39: 20.4 | K39: 7.91 | L39: 1.93 | M39: 3.13 | N39: 0.42 | O39: 3.11 | P39: 1.98 | Q39: 15
A40: 41246 | B40: 7.9 | C40: 131.02 | D40: 4.89 | E40: 32.4 | F40: 6.55 | G40: 1.71 | H40: 9.16 | I40: 31.87 | J40: 20.5 | K40: 7.92 | L40: 1.99 | M40: 3.16 | N40: 0.43 | O40: 3.11 | P40: 2.06 | Q40: 15
A41: 41247 | B41: 7.98 | C41: 130.55 | D41: 4.9 | E41: 32.45 | F41: 6.55 | G41: 1.71 | H41: 9.08 | I41: 32.06 | J41: 20.7 | K41: 7.91 | L41: 2.03 | M41: 3.16 | N41: 0.42 | O41: 3.09 | P41: 2.06 | Q41: 15
A42: 41248 | B42: 7.98 | C42: 130.07 | D42: 4.92 | E42: 32.3 | F42: 6.55 | G42: 1.7 | H42: 9.07 | I42: 32.16 | J42: 21 | K42: 7.92 | L42: 2.06 | M42: 3.14 | N42: 0.43 | O42: 3.09 | P42: 2.02 | Q42: 15
A43: 41249 | B43: 7.96 | C43: 130.88 | D43: 4.92 | E43: 33 | F43: 6.5 | G43: 1.7 | H43: 9.25 | I43: 32.24 | J43: 21 | K43: 7.92 | L43: 2.06 | M43: 3.14 | N43: 0.43 | O43: 3.09 | P43: 2.01 | Q43: 15
A44: 41250 | B44: 7.89 | C44: 129.13 | D44: 4.91 | E44: 33.5 | F44: 6.36 | G44: 1.62 | H44: 9.16 | I44: 31.87 | J44: 21 | K44: 7.99 | L44: 1.99 | M44: 3.07 | N44: 0.41 | O44: 3.07 | P44: 2.02 | Q44: 15
A45: 41253 | B45: 7.84 | C45: 129.73 | D45: 4.85 | E45: 33.7 | F45: 6.35 | G45: 1.65 | H45: 9.16 | I45: 30.96 | J45: 21 | K45: 7.93 | L45: 1.99 | M45: 3.07 | N45: 0.41 | O45: 3.07 | P45: 2 | Q45: 15
A46: 41254 | B46: 7.84 | C46: 131.12 | D46: 4.89 | E46: 33.95 | F46: 6.4 | G46: 1.7 | H46: 9.16 | I46: 31.05 | J46: 21 | K46: 7.99 | L46: 2.03 | M46: 3.07 | N46: 0.4 | O46: 3.08 | P46: 2.01 | Q46: 15
A47: 41255 | B47: 7.75 | C47: 133.1 | D47: 4.86 | E47: 35.15 | F47: 6.35 | G47: 1.71 | H47: 9.09 | I47: 30.32 | J47: 20.96 | K47: 8 | L47: 2.03 | M47: 3.06 | N47: 0.4 | O47: 3.11 | P47: 2.01 | Q47: 15
A48: 41256 | B48: 7.75 | C48: 133.67 | D48: 4.86 | E48: 34.4 | F48: 6.3 | G48: 1.7 | H48: 9.1 | I48: 31.69 | J48: 20.99 | K48: 8 | L48: 2.01 | M48: 3.02 | N48: 0.39 | O48: 3.1 | P48: 1.969 | Q48: 15
A49: 41257 | B49: 7.94 | C49: 133.39 | D49: 4.87 | E49: 34.53 | F49: 6.33 | G49: 1.7 | H49: 9.19 | I49: 31.69 | J49: 20.86 | K49: 8.02 | L49: 2 | M49: 3.04 | N49: 0.4 | O49: 3.1 | P49: 1.953 | Q49: 15
A50: 41260 | B50: 7.8 | C50: 134.33 | D50: 4.87 | E50: 35 | F50: 6.4 | G50: 1.7 | H50: 9.11 | I50: 31.05 | J50: 20.95 | K50: 8.02 | L50: 2.01 | M50: 3.02 | N50: 0.4 | O50: 3.1 | P50: 1.961 | Q50: 15
... A52: 41262 | B52: 7.89 | C52: 137.17 | D52: 4.86 | E52: 35 | F52: 6.45 | G52: 1.7 | H52: 9.2 | I52: 31.69 | J52: 20.95 | K52: 8.02 | L52: 2.08 | M52: 2.99 | N52: 0.4 | O52: 3.13 | P52: 2 | Q52: 15
A53: 41263 | B53: 7.89 | C53: 138.59 | D53: 4.9 | E53: 34.63 | F53: #N/A | G53: 1.7 | H53: 9.24 | I53: 32.1 | J53: 20.9 | K53: 8.02 | L53: 2.08 | M53: 3.01 | N53: 0.4 | O53: 3.14 | P53: 1.992 | Q53: 14
A54: 41264 | B54: 7.85 | C54: 138.78 | D54: 4.92 | E54: 35 | F54: 6.45 | G54: 1.71 | H54: 9.35 | I54: 32.24 | J54: 20.85 | K54: 8.05 | L54: 2.08 | M54: 2.94 | N54: 0.41 | O54: 3.14 | P54: 1.992 | Q54: 15
A55: 41267 | B55: 7.84 | C55: 138.59 | D55: 4.95 | E55: 34.4 | F55: #N/A | G55: #N/A | H55: #N/A | I55: #N/A | J55: 20.85 | K55: #N/A | L55: #N/A | M55: 2.92 | N55: 0.41 | O55: #N/A | P55: 1.992 | Q55: 8
A56: 41269 | B56: #N/A | C56: 138.59 | D56: 5.03 | E56: 34.7 | F56: 6.45 | G56: 1.618 | H56: 9.35 | I56: 32.24 | J56: 20.85 | K56: 8.05 | L56: 2.1 | M56: 2.88 | N56: 0.42 | O56: 3.19 | P56: 1.984 | Q56: 14
A57: 41270 | B57: 7.84 | C57: 138.12 | D57: 5.15 | E57: 35.7 | F57: 6.5 | G57: 1.618 | H57: 9.35 | I57: 32.78 | J57: 20.81 | K57: 8.06 | L57: 2.13 | M57: 2.86 | N57: 0.42 | O57: 3.15 | P57: 2.008 | Q57: 15
A58: 41271 | B58: 7.98 | C58: 138.12 | D58: 5.23 | E58: 35.6 | F58: 6.65 | G58: 1.626 | H58: 9.34 | I58: #N/A | J58: 20.95 | K58: 8.06 | L58: 2.18 | M58: 2.86 | N58: 0.43 | O58: 3.18 | P58: 2.064 | Q58: 14
A59: 41274 | B59: 8.08 | C59: 138.12 | D59: 5.23 | E59: #N/A | F59: 6.7 | G59: 1.641 | H59: 9.4 | I59: 32.6 | J59: #N/A | K59: #N/A | L59: 2.23 | M59: #N/A | N59: 0.43 | O59: 3.17 | P59: 2.064 | Q59: 11
A60: 41276 | B60: 8.18 | C60: 138.59 | D60: 5.29 | E60: 36.1 | F60: 6.7 | G60: 1.685 | H60: 9.46 | I60: 33.06 | J60: 20.95 | K60: 8.16 | L60: 2.25 | M60: #N/A | N60: 0.43 | O60: 3.23 | P60: 2.096 | Q60: 14
A61: 41277 | B61: 8.28 | C61: 142.28 | D61: 5.34 | E61: 35.5 | F61: 6.79 | G61: 1.678 | H61: 9.69 | I61: 33.24 | J61: 20.95 | K61: 8.18 | L61: 2.21 | M61: 2.84 | N61: 0.43 | O61: 3.29 | P61: 2.112 | Q61: 15
A62: 41278 | B62: 8.47 | C62: 142.85 | D62: 5.42 | E62: 35 | F62: 7.04 | G62: 1.671 | H62: 9.74 | I62: #N/A | J62: 20.95 | K62: 8.18 | L62: 2.2 | M62: 2.81 | N62: 0.43 | O62: 3.35 | P62: 2.104 | Q62: 14
A63: 41281 | B63: 8.38 | C63: 141.24 | D63: 5.46 | E63: 35 | F63: 7.11 | G63: 1.693 | H63: 9.78 | I63: 33.29 | J63: 20.95 | K63: 8.2 | L63: 2.18 | M63: #N/A | N63: 0.47 | O63: 3.36 | P63: 2.104 | Q63: 14
A64: 41282 | B64: 8.38 | C64: 142.94 | D64: 5.46 | E64: 34.5 | F64: 7.08 | G64: 1.693 | H64: 9.83 | I64: 33.92 | J64: 20.95 | K64: 8.2 | L64: 2.15 | M64: 2.84 | N64: 0.51 | O64: 3.52 | P64: 2.136 | Q64: 15
A65: 41283 | B65: 8.37 | C65: 142.85 | D65: 5.46 | E65: 34.5 | F65: 7.01 | G65: 1.708 | H65: 10.22 | I65: 34.7 | J65: 20.95 | K65: 8.29 | L65: 2.16 | M65: #N/A | N65: 0.49 | O65: 3.57 | P65: 2.168 | Q65: 14
A66: 41284 | B66: 8.42 | C66: 147.58 | D66: 5.47 | E66: 35 | F66: 6.94 | G66: 1.768 | H66: 10.22 | I66: 34.97 | J66: 20.95 | K66: 8.29 | L66: 2.23 | M66: 2.83 | N66: 0.49 | O66: 3.57 | P66: 2.216 | Q66: 15
A67: 41285 | B67: 8.47 | C67: 145.91 | D67: 5.48 | E67: 35.35 | F67: 6.89 | G67: 1.76 | H67: 10.37 | I67: 35.7 | J67: 20.95 | K67: 8.39 | L67: 2.25 | M67: 2.82 | N67: 0.49 | O67: 3.57 | P67: 2.208 | Q67: 15
A68: 41288 | B68: 8.49 | C68: 147.1 | D68: 5.48 | E68: 35.35 | F68: 6.94 | G68: 1.768 | H68: 10.56 | I68: 35.52 | J68: 20.95 | K68: 8.43 | L68: 2.25 | M68: 2.81 | N68: 0.48 | O68: 3.5 | P68: 2.192 | Q68: 15
A69: 41289 | B69: 8.52 | C69: 144.74 | D69: 5.5 | E69: 35 | F69: 6.83 | G69: 1.738 | H69: 10.31 | I69: 35.88 | J69: 21.05 | K69: 8.48 | L69: 2.25 | M69: 2.79 | N69: 0.47 | O69: 3.5 | P69: 2.192 | Q69: 15
A70: 41290 | B70: 8.52 | C70: 147.95 | D70: 5.52 | E70: 35 | F70: 6.83 | G70: 1.745 | H70: 10.37 | I70: 35.7 | J70: 21.4 | K70: 8.38 | L70: 2.25 | M70: 2.79 | N70: 0.48 | O70: 3.5 | P70: 2.168 | Q70: 15
A71: 41291 | B71: 8.57 | C71: 151.27 | D71: 5.51 | E71: 35.21 | F71: 6.79 | G71: 1.745 | H71: 10.46 | I71: 35.52 | J71: 21.5 | K71: 8.31 | L71: 2.25 | M71: 2.74 | N71: 0.48 | O71: 3.48 | P71: 2.176 | Q71: 15
A72: 41292 | B72: 8.58 | C72: 148.05 | D72: 5.52 | E72: 35.5 | F72: 6.89 | G72: 1.745 | H72: 10.56 | I72: 35.52 | J72: 22.1 | K72: 8.29 | L72: 2.23 | M72: 2.68 | N72: 0.47 | O72: 3.5 | P72: 2.136 | Q72: 15
A73: 41295 | B73: 8.62 | C73: 148.05 | D73: 5.53 | E73: 35 | F73: #N/A | G73: 1.745 | H73: 10.51 | I73: 35.52 | J73: 22.2 | K73: 8.29 | L73: 2.23 | M73: #N/A | N73: 0.47 | O73: 3.5 | P73: 2.144 | Q73: 13
A74: 41296 | B74: 8.67 | C74: 149.75 | D74: 5.53 | E74: 35 | F74: 6.74 | G74: 1.745 | H74: 10.25 | I74: 34.61 | J74: 22.6 | K74: 8.12 | L74: 2.18 | M74: 2.56 | N74: 0.49 | O74: 3.53 | P74: 2.144 | Q74: 15
A75: 41297 | B75: 8.81 | C75: 149.47 | D75: 5.56 | E75: 33.2 | F75: 6.84 | G75: 1.797 | H75: 10.32 | I75: 34.61 | J75: 22.7 | K75: 8.1 | L75: 2.2 | M75: 2.54 | N75: 0.49 | O75: 3.59 | P75: 2.136 | Q75: 15
A76: 41298 | B76: 8.82 | C76: 149.37 | D76: 5.57 | E76: 31.61 | F76: 6.89 | G76: 1.797 | H76: 10.33 | I76: 34.97 | J76: 23 | K76: 8.05 | L76: 2.17 | M76: 2.5 | N76: 0.49 | O76: 3.66 | P76: 2.112 | Q76: 15
A77: 41299 | B77: 8.76 | C77: 146.54 | D77: 5.56 | E77: 31.5 | F77: 6.79 | G77: 1.797 | H77: 10.34 | I77: 35.52 | J77: 23 | K77: 8.05 | L77: 2.16 | M77: 2.45 | N77: 0.48 | O77: 3.62 | P77: 2.088 | Q77: 15
A78: 41302 | B78: 8.47 | C78: 146.35 | D78: 5.5 | E78: 30.45 | F78: 6.65 | G78: 1.775 | H78: 10.06 | I78: 34.61 | J78: 23 | K78: 8.04 | L78: 2.1 | M78: 2.4 | N78: 0.47 | O78: 3.5 | P78: 2.08 | Q78: 15
A79: 41303 | B79: 8.57 | C79: 149.07 | D79: 5.46 | E79: 30.4 | F79: 6.69 | G79: 1.76 | H79: 9.99 | I79: 35.06 | J79: 23 | K79: 8.05 | L79: 2.1 | M79: 2.4 | N79: 0.47 | O79: 3.49 | P79: 2.072 | Q79: 15
A80: 41304 | B80: 8.57 | C80: 147.58 | D80: 5.54 | E80: 30.02 | F80: 6.82 | G80: 1.782 | H80: 10.17 | I80: 35.52 | J80: 23.2 | K80: 8.2 | L80: 2.17 | M80: 2.5 | N80: 0.49 | O80: 3.54 | P80: 2.104 | Q80: 15
A81: 41305 | B81: 8.58 | C81: 147.46 | D81: 5.58 | E81: 29.7 | F81: 6.86 | G81: 1.842 | H81: 10.51 | I81: 35.06 | J81: 23.2 | K81: 8.26 | L81: 2.2 | M81: 2.61 | N81: 0.49 | O81: 3.62 | P81: 2.12 | Q81: 15
A82: 41306 | B82: 8.62 | C82: 150.04 | D82: 5.66 | E82: 29.7 | F82: 6.94 | G82: 1.939 | H82: 10.66 | I82: 35.33 | J82: 23.5 | K82: 8.34 | L82: 2.26 | M82: 2.71 | N82: 0.51 | O82: 3.64 | P82: 2.128 | Q82: 15
A83: 41309 | B83: 8.62 | C83: 141.9 | D83: 4.749 | E83: 29.2 | F83: 6.87 | G83: 1.909 | H83: 10.81 | I83: 35.35 | J83: 24 | K83: 8.43 | L83: 2.25 | M83: 2.8 | N83: 0.51 | O83: 3.61 | P83: 2.12 | Q83: 15
A84: 41310 | B84: 8.81 | C84: 135.28 | D84: 4.729 | E84: 28.3 | F84: 6.89 | G84: 1.932 | H84: 11.09 | I84: 35.51 | J84: 24.09 | K84: 8.34 | L84: 2.31 | M84: 2.95 | N84: 0.51 | O84: 3.63 | P84: 2.152 | Q84: 15
A85: 41311 | B85: 8.77 | C85: 137.67 | D85: 4.729 | E85: 28.55 | F85: 6.89 | G85: 1.954 | H85: 11.04 | I85: 35.42 | J85: 24.5 | K85: 8.33 | L85: 2.42 | M85: 2.9 | N85: 0.54 | O85: 3.61 | P85: 2.104 | Q85: 15
... A91: 41319 | B91: 8.92 | C91: 139.58 | D91: 4.716 | E91: 27.44 | F91: 6.7 | G91: 2.014 | H91: 10.97 | I91: 35.97 | J91: 23.4 | K91: 8.58 | L91: 2.36 | M91: 2.235 | N91: 0.49 | O91: 3.59 | P91: 2.088 | Q91: 15
A92: 41320 | B92: 8.82 | C92: 139.06 | D92: 4.689 | E92: 27.15 | F92: 6.7 | G92: 1.962 | H92: 10.9 | I92: 35.65 | J92: 23.4 | K92: 8.58 | L92: 2.34 | M92: #N/A | N92: 0.49 | O92: 3.56 | P92: 2.016 | Q92: 14
A93: 41323 | B93: 8.76 | C93: 138.12 | D93: 4.669 | E93: 27.5 | F93: #N/A | G93: 1.962 | H93: 10.67 | I93: 35.65 | J93: #N/A | K93: 8.57 | L93: 2.35 | M93: 2.235 | N93: 0.49 | O93: 3.56 | P93: 1.992 | Q93: 13
A94: 41324 | B94: 8.76 | C94: 139.63 | D94: 4.749 | E94: 27 | F94: 6.79 | G94: 2.029 | H94: 10.81 | I94: 35.88 | J94: 23.47 | K94: 8.57 | L94: 2.32 | M94: 2.235 | N94: 0.48 | O94: 3.54 | P94: 2.016 | Q94: 15
A95: 41325 | B95: 8.96 | C95: 139.06 | D95: 4.749 | E95: 26 | F95: 6.79 | G95: 2.058 | H95: 11.09 | I95: 35.97 | J95: 24.5 | K95: 8.52 | L95: 2.28 | M95: 2.211 | N95: 0.47 | O95: 3.56 | P95: 2.016 | Q95: 15
A96: 41326 | B96: 8.96 | C96: 136.23 | D96: 4.722 | E96: 26.1 | F96: 6.89 | G96: 2.051 | H96: 11.09 | I96: #N/A | J96: 24.49 | K96: 8.52 | L96: 2.28 | M96: 2.211 | N96: 0.46 | O96: 3.56 | P96: 2 | Q96: 14
A97: 41327 | B97: 8.91 | C97: 138.97 | D97: 4.722 | E97: 25.9 | F97: 6.96 | G97: 2.088 | H97: 11.19 | I97: 35.97 | J97: 24 | K97: 8.54 | L97: 2.19 | M97: #N/A | N97: 0.45 | O97: 3.61 | P97: 1.984 | Q97: 14
A98: 41330 | B98: 8.81 | C98: 139.84 | D98: 4.735 | E98: 26 | F98: 6.99 | G98: 2.066 | H98: 11.19 | I98: 35.97 | J98: 24 | K98: 8.52 | L98: 2.25 | M98: 2.211 | N98: 0.45 | O98: 3.61 | P98: 1.961 | Q98: 15
A99: 41331 | B99: 8.86 | C99: 139.54 | D99: 4.782 | E99: 26.55 | F99: 6.99 | G99: 2.066 | H99: 11.29 | I99: 35.97 | J99: 24 | K99: 8.53 | L99: 2.27 | M99: 2.235 | N99: 0.45 | O99: 3.62 | P99: 1.969 | Q99: 15
A100: 41332 | B100: 8.92 | C100: 140.95 | D100: 4.814 | E100: 26 | F100: 6.92 | G100: 2.088 | H100: 11.29 | I100: 35.93 | J100: #N/A | K100: 8.57 | L100: 2.26 | M100: 2.235 | N100: 0.45 | O100: 3.64 | P100: 1.921 | Q100: 14
A101: 41333 | B101: 8.76 | C101: 140.95 | D101: 4.749 | E101: 25.6 | F101: 6.93 | G101: 2.081 | H101: 11.06 | I101: 35.92 | J101: 23.52 | K101: 8.65 | L101: 2.26 | M101: 2.235 | N101: 0.45 | O101: 3.59 | P101: 1.905 | Q101: 15
A102: 41334 | B102: 9.01 | C102: 142.85 | D102: 4.834 | E102: 25.4 | F102: 6.99 | G102: 2.081 | H102: 11.26 | I102: 36.34 | J102: 23.5 | K102: 8.76 | L102: 2.25 | M102: #N/A | N102: 0.47 | O102: 3.65 | P102: 1.881 | Q102: 14
A103: 41337 | B103: 9.01 | C103: 144.36 | D103: 4.887 | E103: 24.59 | F103: 6.96 | G103: 2.066 | H103: 11.14 | I103: 35.97 | J103: 23.5 | K103: 8.67 | L103: 2.18 | M103: 2.154 | N103: 0.48 | O103: 3.66 | P103: 1.833 | Q103: 15
A104: 41338 | B104: 9.1 | C104: 147.57 | D104: 4.946 | E104: 24.5 | F104: 6.94 | G104: 2.081 | H104: 11.33 | I104: 36.43 | J104: #N/A | K104: 8.82 | L104: 2.16 | M104: 2.138 | N104: 0.47 | O104: 3.69 | P104: 1.841 | Q104: 14
A105: 41339 | B105: 9.31 | C105: 149.47 | D105: 4.979 | E105: 25.48 | F105: 7.04 | G105: 2.081 | H105: 11.43 | I105: 36.43 | J105: 23.75 | K105: 8.82 | L105: 2.13 | M105: 1.992 | N105: 0.47 | O105: 3.71 | P105: 1.817 | Q105: 15
A106: 41340 | B106: 9.37 | C106: 150.41 | D106: 4.979 | E106: 25.25 | F106: 6.96 | G106: 2.066 | H106: 11.33 | I106: 35.97 | J106: 23.75 | K106: 8.66 | L106: 2.07 | M106: 2.032 | N106: 0.46 | O106: 3.66 | P106: 1.785 | Q106: 15
...
